Khu vực,Tiêu đề,Giá (triệu),Diện tích (m²),Giá/m² (triệu),Vị trí,Ngày đăng,Cắt lỗ?,Link
Nam Từ Liêm,Em Thúy bán Imperia Smart City: Stu 2tỷ; 1PN+ 3.6tỷ;2PN 54m 3.8tỷ; 2PN+ 64m 5.5tỷ; 3pn 75m 6.3 tỷ.,,63.9,,·P. Tây Mỗ,Đăng hôm qua,,https://batdongsan.com.vn/ban-can-ho-chung-cu-duong-dai-lo-thang-long-phuong-tay-mo-imperia-smart-city/em-thuy-ban-stu-2ty-1pn-3-6ty-2pn-54m-3-8ty-2pn-64m-5-5ty-3pn-75m-6-3-ty-pr45230331
Nam Từ Liêm,"Em Hiền bán 08 căn Masteri West Heights: 3PN, 2PN+, 1PN+, Studio (giá từ 2 tỷ 350 - 6.8 tỷ)",,63.9,,·P. Tây Mỗ,Đăng hôm qua,,https://batdongsan.com.vn/ban-can-ho-chung-cu-phuong-tay-mo-masteri-west-heights/em-hien-ban-08-3pn-2pn-1pn-studio-gia-tu-2-ty-350-6-8-ty-pr45193843
Nam Từ Liêm,"Catho Land bán quỹ căn stu, 1 - 3PN Vinsmart chính chủ view đẹp giá rẻ, pháp lý rõ ràng miễn phí MG",3600.0,43.0,83.72093023255815,·P. Tây Mỗ,Đăng hôm qua,Có,https://batdongsan.com.vn/ban-can-ho-chung-cu-phuong-tay-mo-vinhomes-smart-city/quy-stu-1-3pn-vin-chinh-chu-view-dep-gia-re-phap-ly-ro-rang-mien-phi-mg-ht-vay-70-pr44655666
Nam Từ Liêm,Tôi chính chủ bán căn hộ 4 phòng ngủ nội thất cao cấp tòa BIG Tower số 18 Phạm Hùng 121.6m2,9900.0,121.6,81.41447368421053,Phường Mỹ Đình 2 (P. Cầu Giấy mới),Đăng hôm nay,,https://batdongsan.com.vn/ban-can-ho-chung-cu-duong-pham-hung-phuong-my-dinh-2-b-i-g-tower/toi-chinh-chu-ban-4-phong-ngu-noi-that-cao-cap-toa-big-so-18-121-6m2-pr44932033
Nam Từ Liêm,"Bán lỗ CH 2PN-2WC tòa Masteri. Giá 5,7 tỷ VND, 54m2. Full nội thất cao cấp",5700.0,54.0,105.55555555555556,P. Tây Mỗ,Đăng hôm nay,Có,https://batdongsan.com.vn/ban-can-ho-chung-cu-phuong-tay-mo-masteri-west-heights/ban-cc-5-ty-vnd-54m2-2pn-2wc-nam-tu-liem-ha-noi-hang-hot-pr45036064
Nam Từ Liêm,"Chính chủ gửi bán 1PN + 1, phân khu cao cấp Mas A, giá: 4,35 tỷ, DT: 46,9m2 view công viên hồ",4350.0,41.9,103.81861575178998,P. Tây Mỗ,Đăng hôm nay,,https://batdongsan.com.vn/ban-can-ho-chung-cu-phuong-tay-mo-masteri-west-heights/chinh-chu-ban-1pn-1-phan-khu-cao-cap-mas-a-gia-3-65-ty-tang-trung-dt-46-9m2-view-cong-vien-ho-pr43794098
Nam Từ Liêm,"Tôi cần bán CH 1PN+1 giá 4,45 tỷ, 42m2 Mas D-tầng trung đẹp, phù hợp cho anh/chị đầu tư dòng tiền",4450.0,42.0,105.95238095238095,P. Tây Mỗ,Đăng hôm nay,,https://batdongsan.com.vn/ban-can-ho-chung-cu-phuong-tay-mo-masteri-west-heights/toi-ban-ch-1pn-1-gia-4-45-ty-43m2-mas-d-tang-trung-ep-phu-hop-cho-anh-chi-au-tu-dong-tien-pr45230965
Nam Từ Liêm,"Gia đình tôi cần bán 2PN+1 phân khu cao cấp 6,15tỷ, tầng trung, DTTT: 64,1m2 view hồ -0974 121 ***",6150.0,64.1,95.94383775351015,P. Tây Mỗ,Đăng hôm nay,,https://batdongsan.com.vn/ban-can-ho-chung-cu-duong-dai-lo-thang-long-phuong-tay-mo-imperia-smart-city/gia-dinh-toi-ban-2pn-1-phan-khu-cao-cap-5-35-ty-tang-trung-dttt-64-1m2-view-ho-pr44170097
Nam Từ Liêm,"Chính chủ bán căn studio 28,1m2 tầng trung khu S203. Giá 2,8 tỷ bao phí. Liên hệ0366 710 ***",2800.0,28.1,99.64412811387899,P. Tây Mỗ,Đăng hôm nay,,https://batdongsan.com.vn/ban-can-ho-chung-cu-phuong-tay-mo-the-sapphire-vinhomes-smart-city/chinh-chu-ban-studio-28-1m2-tang-trung-khu-s203-gia-2ty6-bao-phi-lien-he-0366710914-pr45230507
Nam Từ Liêm,"Gia đình chuyển căn lớn hơn nên chuyển nhượng căn 1N + 46,6m2 tầng trung, view hồ tại toà A Masteri",5150.0,46.6,110.51502145922747,P. Tây Mỗ,Đăng hôm nay,,https://batdongsan.com.vn/ban-can-ho-chung-cu-phuong-tay-mo-masteri-west-heights/ban-1pn-46-6m2-gia-cuc-chat-tai-nam-tu-liem-ha-noi-pr44836446
Nam Từ Liêm,(Giảm mạnh) toà C6 - Trần Hữu Dực - lô góc - 3PN - 2WC - tầng cao - view pháo hoa. LH:0858 045 ***,8250.0,108.0,76.38888888888889,P. Cầu Diễn (P. Từ Liêm mới),Đăng hôm nay,,https://batdongsan.com.vn/ban-can-ho-chung-cu-duong-tran-huu-duc-phuong-cau-dien-khu-do-thi-my-dinh-i/chinh-chu-toa-c6-lo-goc-3-pn-2-wc-tang-cao-view-phao-hoa-lh-0858-o4-5555-pr44751505
Nam Từ Liêm,"Bán nhanh CH 2PN - 1WC. Giá bán 4,65 tỷ, full nội thất tại toà S303 VH Smart City",4650.0,54.6,85.16483516483517,P. Tây Mỗ,Đăng hôm nay,,https://batdongsan.com.vn/ban-can-ho-chung-cu-phuong-tay-mo-the-sapphire-vinhomes-smart-city/ban-nhanh-ch-2pn-1wc-gia-ban-4-65-ty-full-noi-that-tai-toa-s303-vh-city-pr45290569
Nam Từ Liêm,"Bán CH chung cư 2PN + 1, 5.3tỷ VND, diện tích 63,7 m2 tại The Miami, Tây Mỗ, Nam Từ Liêm, Hà Nội",5300.0,63.7,83.20251177394034,P. Tây Mỗ,Đăng hôm nay,,https://batdongsan.com.vn/ban-can-ho-chung-cu-phuong-tay-mo-the-miami/ban-ch-2pn-1-5-ty-vnd-dien-tich-63-2-m2-tai-nam-tu-liem-ha-noi-pr45041008
Nam Từ Liêm,"Tôi bán 09CH Studio 1,96 tỷ 1PN 3,2tỷ, 2PN 55m2 4,1tỷ, 2PN + 64m2 4,68tỷ, 3PN 5,5 tỷ tại Smart City",2300.0,30.0,76.66666666666667,·P. Tây Mỗ,Đăng hôm qua,,https://batdongsan.com.vn/ban-can-ho-chung-cu-phuong-tay-mo-the-sapphire-vinhomes-smart-city/toi-ban-10ch-studio-1-7-ty-1pn-2-6ty-2pn-3-3ty-2pn-goc-3-9ty-3pn-goc-4-42ty-city-pr43449850
Nam Từ Liêm,"Quỹ 200 căn chuyển nhượng 1PN, 2PN, 3PN, 4PN giá tốt nhất thị trường - Hỗ trợ lãi suất 0% 30 tháng",11200.0,83.0,134.93975903614458,·P. Mễ Trì (P. Đại Mỗ mới),Đăng hôm qua,,https://batdongsan.com.vn/ban-can-ho-chung-cu-duong-le-quang-dao-phuong-me-tri-the-matrix-one-premium/bang-hang-tang-dep-gia-tot-nhat-mua-truc-tiep-chu-dau-tu-khong-chenh-quy-1pn-2pn-3pn-4pn-pr42961237
Nam Từ Liêm,"Ban Q.Lý Vinhomes SmartCity cập nhật quỹ căn: Studio 2,5tỷ; 1N+ 3,5tỷ; 2N 4,3tỷ; 2N+1 5tỷ; 3N 5,7tỷ",4300.0,55.0,78.18181818181819,·P. Tây Mỗ,Đăng 2 ngày trước,,https://batdongsan.com.vn/ban-can-ho-chung-cu-phuong-tay-mo-the-sapphire-vinhomes-smart-city/bql-cap-nhat-quy-studio-2ty-1n-2-8-ty-2n-3-2-ty-2n-1-3-9ty-3n-4-5ty-pr43768302
Nam Từ Liêm,"BQL Vinhomes Smart City cập nhật quỹ căn: Studio 2,6t ; 1N+ 3;65tỷ; 2N 4,3 tỷ; 2N+1 5t ; 3N 5,6t",5000.0,64.6,77.39938080495357,·P. Tây Mỗ,Đăng 2 ngày trước,,https://batdongsan.com.vn/ban-can-ho-chung-cu-phuong-tay-mo-the-sapphire-vinhomes-smart-city/bql-cap-nhat-quy-studio-2ty-1n-2-8-ty-2n-3-2-ty-2n-1-3-9ty-3n-4-5ty-pr43763673
Nam Từ Liêm,"HOT: Bán căn hộ chung cư STU tòa G-S3, 30.3m2, full đồ xịn, gần hồ, Đông Nam, Vinhomes Smart City",2200.0,30.3,72.60726072607261,·P. Tây Mỗ,Đăng 3 ngày trước,,https://batdongsan.com.vn/ban-can-ho-chung-cu-phuong-tay-mo-the-sapphire-vinhomes-smart-city/hot-ban-stu-toa-g-s3-30-3m2-full-o-xin-gan-ong-nam-city-pr45275398
Nam Từ Liêm,"Nhà tôi cần bán 12 căn Stu-1PN+ 2PN+đi nước ngoài-Full nội thất-sẵn HD thuê 9,5tr-Vinhome Smartcity",,48.0,,·P. Tây Mỗ,Đăng 3 ngày trước,,https://batdongsan.com.vn/ban-can-ho-chung-cu-phuong-tay-mo-the-sapphire-vinhomes-smart-city/nha-toi-chinh-chu-ban-studio-1ty82-1pn-2-93ty-2pn-3-550-ty-2pn-4-320ty-3pn2wc-5-0ty-city-pr43747711
Nam Từ Liêm,"Quỹ chuyển nhượng 99 căn ngoại giao The Matrix One 2 cam kết rẻ nhất thị trường, vay 0% 36 tháng",9500.0,88.0,107.95454545454545,·P. Mễ Trì (P. Đại Mỗ mới),Đăng 3 ngày trước,,https://batdongsan.com.vn/ban-can-ho-chung-cu-phuong-me-tri-the-matrix-one-premium/quy-chuyen-nhuong-99-ngoai-giao-2-cam-ket-re-nhat-thi-truong-vay-0-36-thang-pr44790688
Nam Từ Liêm,SỞ HỮU NGAY CĂN HỘ CHUNG CƯ BẮC HÀ TỐ HỮU - 132M2 - 3 PHÒNG NGỦ - TẦNG CAO VỪA THOÁNG,,132.0,,·P. Trung Văn (P. Đại Mỗ mới),Đăng 4 ngày trước,,https://batdongsan.com.vn/ban-can-ho-chung-cu-duong-to-huu-phuong-trung-van-c14-bo-cong-an/so-ngay-bac-ha-132m2-gia-10-ty-tang-cao-vua-thoang-pr45063923
Nam Từ Liêm,"Chính chủ căn góc 89m2 3PN tòa vip (2 hầm để xe, điều hòa âm trần, full tủ bếp) Victoria - 7.15 tỷ",7150.0,89.0,80.33707865168539,·P. Tây Mỗ,Đăng 5 ngày trước,,https://batdongsan.com.vn/ban-can-ho-chung-cu-phuong-tay-mo-the-victoria-vinhomes-smart-city/chinh-chu-goc-89m2-3pn-toa-vip-2-ham-e-xe-ieu-hoa-am-tran-full-tu-bep-7-15-ty-pr45180472
Nam Từ Liêm,"Bảng giá căn hộ Smart City cập nhật T3/2026, giá cắt lỗ, view đẹp, sẵn sổ, bán gấp. LH0852 848 ***",2600.0,30.0,86.66666666666667,·P. Tây Mỗ,Đăng 5 ngày trước,Có,https://batdongsan.com.vn/ban-can-ho-chung-cu-phuong-tay-mo-vinhomes-smart-city/bang-gia-moi-nhat-thang-11-re-nhat-view-dep-san-so-ban-gap-lh-pr44479390
Nam Từ Liêm,"Bán: Studio-2 tỷ, 1PN+ 3.3 tỷ, 2PN 4.15 tỷ, 3PN 5 tỷ đầy đủ nội thất KĐT Vinhomes Smart City",4150.0,55.0,75.45454545454545,·P. Tây Mỗ,Đăng 6 ngày trước,,https://batdongsan.com.vn/ban-can-ho-chung-cu-phuong-tay-mo-the-sapphire-vinhomes-smart-city/ban-gap-studio-1-8-ty-1pn-2-8-ty-2pn-3-4-ty-2pn-goc-3-85-ty-3pn-4-4-ty-kdt-city-pr43078554
Nam Từ Liêm,"Tổng hợp thông tin 102 căn hộ sẵn sàng chuyển nhượng, giá tốt dự án The Matrix One Premium",15700.0,121.0,129.7520661157025,·P. Mễ Trì (P. Đại Mỗ mới),Đăng 6 ngày trước,,https://batdongsan.com.vn/ban-can-ho-chung-cu-duong-le-quang-dao-phuong-me-tri-the-matrix-one-premium/tong-hop-thong-tin-102-san-sang-chuyen-nhuong-gia-tot-du-an-g-premium-pr45175887
Nam Từ Liêm,"Quỹ chuyển nhượng 99 căn ngoại giao The Matrix One 1&2 cam kết rẻ nhất thị trường, vay 0% 36 tháng",9000.0,75.0,120.0,·P. Mễ Trì (P. Đại Mỗ mới),Đăng 1 tuần trước,,https://batdongsan.com.vn/ban-can-ho-chung-cu-duong-le-quang-dao-phuong-me-tri-the-matrix-one/quy-1pn-2pn-3pn-4-pn-tai-gia-tot-nhat-thi-truong-gd-1-2-vay-bank-htls-pr44555461
Nam Từ Liêm,"Lumiere Smart City, bán căn A3.0303 2N2WC 66m2 giá 6,15 tỷ ân hạn đến T7/2026",6150.0,66.0,93.18181818181819,·P. Tây Mỗ,Đăng 1 tuần trước,,https://batdongsan.com.vn/ban-can-ho-chung-cu-phuong-tay-mo-lumiere-evergreen/smart-city-ban-a3-0303-2n2wc-66m2-gia-6-16-ty-an-han-en-t7-2026-pr45248039
Nam Từ Liêm,"Chính chủ cần bán gấp : Studio 2,1 tỷ, 1PN + 3,1 tỷ. 2PN 3,9 tỷ 3PN 5,5 tỷ tại Vinhomes Smart City",4300.0,55.0,78.18181818181819,·P. Tây Mỗ,Đăng 1 tuần trước,Có,https://batdongsan.com.vn/ban-can-ho-chung-cu-phuong-tay-mo-the-sapphire-vinhomes-smart-city/chinh-chu-ban-studio-1-8-ty-1pn-2-9-ty-2pn-3-9-ty-3pn-5-1-ty-tai-city-pr44367106
Nam Từ Liêm,Em Sen chuyên hỗ trợ mua bán cho thuê Skylake giá tốt và thủ tục sang tên a - z0947 803 ***,11500.0,95.0,121.05263157894737,·Phường Mỹ Đình 1 (P. Cầu Giấy mới),Đăng 1 tuần trước,,https://batdongsan.com.vn/ban-can-ho-chung-cu-duong-pham-hung-phuong-my-dinh-1-vinhomes-skylake/em-sen-chuyen-tro-mua-ban-cho-thue-gia-tot-va-thu-tuc-sang-ten-a-z-0947803836-pr45226772
Nam Từ Liêm,"Tổng hợp quỹ căn giá tốt tại Lumiere EverGreen, Vinhomes Smart City Tây Mỗ, Nam Từ Liêm (100tr/m2)",5770.0,54.0,106.85185185185185,P. Tây Mỗ,Đăng hôm qua,,https://batdongsan.com.vn/ban-can-ho-chung-cu-phuong-tay-mo-lumiere-evergreen/tong-hop-quy-gia-tot-tai-vinhomes-smart-city-nam-tu-liem-100tr-m2-pr45294781
Cầu Giấy,"Trung Hoà Nhân Chính, 17T;18T;24T;34T diện tích từ 65m2, 117m2, 122m2, 146m2, 153m2, 235m2 giá rẻ",9800.0,121.0,80.99173553719008,·P. Trung Hòa (P. Yên Hòa mới),Đăng hôm qua,Có,https://batdongsan.com.vn/ban-can-ho-chung-cu-pho-hoang-dao-thuy-phuong-trung-hoa-4-khu-do-thi-trung-hoa-nhan-chinh/ban-17t1-117m2-bc-mat-gia-4ty3-lh-0922893368-pr37685005
Cầu Giấy,"Căn góc 3PN diện tích 100m2 toà F2, giá 14 tỷ, view ngã tư Phạm Hùng, Sun Feliza Cầu Giấy",14000.0,100.0,140.0,·P. Dịch Vọng Hậu (P. Cầu Giấy mới),Đăng hôm qua,,https://batdongsan.com.vn/ban-can-ho-chung-cu-duong-xuan-thuy-phuong-dich-vong-hau-sun-feliza-suites/goc-3pn-dien-tich-100m2-toa-f2-gia-14-ty-view-nga-tu-pham-hung-cau-giay-pr45169108
Cầu Giấy,"Bán căn GÓC 2PN cực đẹp Sun Feliza Cầu Giấy, view thành phố, ngắm pháo hoa tại nhà, 75m2 - 11.2 tỷ",11200.0,75.3,148.73837981407704,·P. Dịch Vọng Hậu (P. Cầu Giấy mới),Đăng 6 ngày trước,,https://batdongsan.com.vn/ban-can-ho-chung-cu-duong-pham-hung-phuong-dich-vong-hau-sun-feliza-suites/ban-goc-2pn-cuc-ep-cau-giay-view-thanh-pho-ngam-phao-hoa-tai-nha-75m2-11-2-ty-pr45254952
Cầu Giấy,"Căn hộ chung cư 118m2 giá 9 tỷ tòa Trung Yên 1, ngã tư Trung Kính - Vũ Phạm Hàm sửa được 4 ngủ",9000.0,118.0,76.27118644067797,P. Trung Hòa (P. Cầu Giấy mới),Đăng hôm nay,,https://batdongsan.com.vn/ban-can-ho-chung-cu-duong-vu-pham-ham-phuong-trung-hoa-4-chung-cu-cao-tang-trung-yen-i/chinh-chu-gui-ban-chcc-toa-1-nga-tu-kinh-120m2-gia-nhinh-10-ty-pr44710219
Cầu Giấy,"Bán CH tòa F4 - 112 Trung Kính, KĐT Yên Hòa, 84,6m2, giá 7,9 tỷ -0975 118 ***",7900.0,84.6,93.3806146572104,P. Yên Hòa (P. Cầu Giấy mới),Đăng hôm nay,,https://batdongsan.com.vn/ban-can-ho-chung-cu-pho-trung-kinh-phuong-yen-hoa-2-khu-do-thi-yen-hoa/ban-ch-f4-85m2-nha-ep-lh-0975118822-pr45274474
Cầu Giấy,"Bán gấp căn hộ tòa Green Park Tower DT 105m2, 3 PN, tầng đẹp view thoáng, gần công viên hồ điều hòa",9000.0,105.0,85.71428571428571,P. Yên Hòa (P. Cầu Giấy mới),Đăng hôm nay,Có,https://batdongsan.com.vn/ban-can-ho-chung-cu-duong-duong-dinh-nghe-phuong-yen-hoa-2-green-park-tower/ban-gap-toa-dt-105m2-3-pn-tang-ep-view-thoang-gan-cong-vien-ieu-hoa-pr45288006
Cầu Giấy,Cần bán căn hộ 4PN ở Tú Mỡ - Nguyễn Chánh sát cạnh tiểu học Trung Yên 1 nhà đẹp ở ngay!,11200.0,135.4,82.7178729689808,P. Trung Hòa (P. Yên Hòa mới),Đăng hôm nay,,https://batdongsan.com.vn/ban-can-ho-chung-cu-duong-tu-mo-phuong-trung-hoa-4-chung-cu-song-da-7/hiem-ban-goc-4pn-dep-o-vien-chien-luoc-khoa-hoc-cong-an-toa-nha-7-pr44508159
Cầu Giấy,Cần bán căn hộ 3PN ở nhà xinh F4 Trung Kính giá 7.5 tỷ nhà về ở luôn,7500.0,94.4,79.44915254237287,P. Yên Hòa (P. Cầu Giấy mới),Đăng hôm nay,,https://batdongsan.com.vn/ban-can-ho-chung-cu-pho-trung-kinh-phuong-yen-hoa-2-khu-do-thi-yen-hoa/ban-3pn-o-nha-xinh-f4-gia-6-85-ty-nha-ve-o-luon-pr43633965
Cầu Giấy,"Tôi bán căn hộ chung cư tòa Trung Yên Plaza - 112m2, giá tốt thị trường",10000.0,112.0,89.28571428571429,P. Trung Hòa (P. Yên Hòa mới),Đăng hôm nay,,https://batdongsan.com.vn/ban-can-ho-chung-cu-duong-trung-yen-11-phuong-trung-hoa-4-trung-yen-plaza/toi-ban-toa-112m2-gia-tot-thi-truong-pr44525997
Cầu Giấy,Chính chủ cần bán nhanh CHCC B3 KĐT Nam Trung Yên,6200.0,72.6,85.39944903581268,P. Trung Hòa (P. Yên Hòa mới),Đăng hôm nay,,https://batdongsan.com.vn/ban-can-ho-chung-cu-duong-pham-hung-phuong-trung-hoa-4-khu-do-thi-nam-trung-yen/chinh-chu-ban-nhanh-chcc-b3-k-t-yen-pr45276718
Cầu Giấy,"Chính chủ bán căn hộ cao cấp tòa Trung Yên 1 - KĐT Trung Yên; 4PN, 3VS",11800.0,130.0,90.76923076923077,P. Trung Hòa (P. Yên Hòa mới),Đăng hôm qua,,https://batdongsan.com.vn/ban-can-ho-chung-cu-phuong-trung-hoa-4-chung-cu-cao-tang-trung-yen-i/chinh-chu-ban-cap-toa-1-kdt-4pn-3vs-pr44699656
Cầu Giấy,"Bán căn hộ Trung Yên 1 Cầu Giấy 121m 4PN căn góc full nội thất giá 11,6 tỷ sổ đỏ",11600.0,121.0,95.86776859504133,P. Trung Hòa (P. Yên Hòa mới),Đăng hôm qua,,https://batdongsan.com.vn/ban-can-ho-chung-cu-phuong-trung-hoa-4-chung-cu-cao-tang-trung-yen-i/ban-1-cau-giay-125m-4pn-goc-full-noi-that-gia-11-6-ty-so-o-pr45290183
Cầu Giấy,"GĐ tôi cần bán CHCC 128m 3N + 1 tại Skypark, Cầu Giấy căn góc 2 ban công, full nội thất, 15 tỷ",15000.0,128.0,117.1875,P. Dịch Vọng Hậu (P. Cầu Giấy mới),Đăng hôm qua,,https://batdongsan.com.vn/ban-can-ho-chung-cu-duong-ton-that-thuyet-phuong-dich-vong-hau-sky-park-residence/g-toi-ban-chcc-3n-1-tai-skypark-cau-giay-goc-2-ban-cong-full-noi-15-2-ty-pr45271514
Cầu Giấy,Duy nhất căn 3PN Sun Feliza Cầu Giấy - tầng trung view pháo hoa - giá chỉ 15 tỷ - hướng Nam,15000.0,105.0,142.85714285714286,·P. Dịch Vọng Hậu (P. Cầu Giấy mới),Đăng 1 tuần trước,,https://batdongsan.com.vn/ban-can-ho-chung-cu-duong-pham-hung-phuong-dich-vong-hau-sun-feliza-suites/duy-nhat-3pn-cau-giay-tang-trung-view-phao-hoa-gia-chi-15-ty-huong-nam-pr45244626
Cầu Giấy,"Bán căn hoa hậu tầng trung 2 ngủ, hướng Đông Nam, full đồ, giá nhỉnh 9 tỷ",9900.0,96.8,102.27272727272728,P. Dịch Vọng (P. Cầu Giấy mới),Đăng hôm qua,,https://batdongsan.com.vn/ban-can-ho-chung-cu-duong-cau-giay-phuong-dich-vong-bamboo-airways-tower/ban-hoa-hau-tang-trung-2-ngu-huong-ong-nam-full-o-gia-nhinh-9-ty-pr45294106
Cầu Giấy,EM CHÍNH CHỦ BÁN CĂN B1X02 SKYPARK RESEDIENCE NHÀ CƠ BẢN TẦNG TRUNG VIEW THOÁNG,10800.0,79.3,136.19167717528373,P. Dịch Vọng Hậu (P. Cầu Giấy mới),Đăng hôm qua,,https://batdongsan.com.vn/ban-can-ho-chung-cu-duong-ton-that-thuyet-phuong-dich-vong-hau-sky-park-residence/em-chinh-chu-ban-b1x02-skypark-resedience-nha-co-ban-tang-trung-view-thoang-pr45293541
Cầu Giấy,"Chuyển nhượng quỹ căn Mipec Rubik giá tốt từ 2-4PN, hỗ trợ vay tới 70% LH:0339 728 ***(Em Tiến)",8800.0,70.0,125.71428571428571,P. Dịch Vọng Hậu (P. Cầu Giấy mới),Đăng hôm qua,,https://batdongsan.com.vn/ban-can-ho-chung-cu-duong-xuan-thuy-phuong-dich-vong-hau-mipec-rubik-360/chuyen-nhuong-quy-gia-tot-tu-2-4pn-tro-vay-toi-70-lh-0339728888-em-tien-pr45293207
Cầu Giấy,"Căn góc 5 phòng ngủ 160m2, toà F3, view nội khu siêu đẹp, giá 137 triệu/m2, Sun Feliza Cầu Giấy",22000.0,160.0,137.5,P. Dịch Vọng Hậu (P. Cầu Giấy mới),Đăng hôm qua,,https://batdongsan.com.vn/ban-can-ho-chung-cu-duong-xuan-thuy-phuong-dich-vong-hau-sun-feliza-suites/cau-giay-con-duy-nhat-1-4-phong-ngu-160m2-view-noi-khu-sieu-dep-gia-137-trieu-m2-pr44612257
Cầu Giấy,"Bán quỹ căn hộ IPH 93m2, 98m2, 117m2, 145m2, 200m2, từ 2-3-4 phòng ngủ. Giá tốt nhất, LH0389 018 ***",,98.0,,P. Dịch Vọng Hậu (P. Cầu Giấy mới),Đăng hôm qua,,https://batdongsan.com.vn/ban-can-ho-chung-cu-duong-xuan-thuy-phuong-dich-vong-hau-indochina-plaza-hanoi/ban-quy-iph-93m2-98m2-117m2-145m2-200m2-tu-2-3-4-phong-ngu-gia-tot-nhat-lh-pr44884158
Cầu Giấy,"SIÊU PHẨM MIPEC RUBIK360 109.8M NHÀ ĐẸP NHƯ ẢNH, SẴN SỔ HỒNG GIÁ 14 TỶ NHẬN NHÀ Ở NGAY",14000.0,109.8,127.50455373406193,P. Dịch Vọng Hậu (P. Cầu Giấy mới),Đăng hôm qua,,https://batdongsan.com.vn/ban-can-ho-chung-cu-duong-xuan-thuy-phuong-dich-vong-hau-mipec-rubik-360/sieu-pham-rubik360-109-8m-nha-ep-nhu-anh-san-so-hong-gia-14-ty-nhan-nha-o-ngay-pr45289313
Cầu Giấy,"BQL tòa nhà mở bán quỹ căn 2N-3N-4N chung cư Indochina Plaza Hà Nội, cập nhật mới nhất (01/2025)",13200.0,113.0,116.8141592920354,P. Dịch Vọng Hậu (P. Cầu Giấy mới),Đăng hôm qua,,https://batdongsan.com.vn/ban-can-ho-chung-cu-duong-xuan-thuy-phuong-dich-vong-hau-indochina-plaza-hanoi/bql-toa-nha-mo-ban-quy-2n-3n-4n-ha-noi-cap-nhat-moi-nhat-01-2025-pr45161181
Cầu Giấy,Căn hộ cao cấp giá tốt nhất Sun Feliza Suites. Em Nhàn cập nhật quỹ căn giá rẻ 1PN- 2PN- 3PN- 4PN,7150.0,51.3,139.37621832358676,P. Dịch Vọng Hậu (P. Cầu Giấy mới),Đăng 2 ngày trước,Có,https://batdongsan.com.vn/ban-can-ho-chung-cu-duong-pham-hung-phuong-dich-vong-hau-sun-feliza-suites/hot-deal-em-nhan-pkd-cdt-san-quy-re-dep-nhat-thi-truong-2pn-4pn-suite-gia-tot-pr45077962
Cầu Giấy,"Căn 2PN+ view nội khu, diện tích 81m2, tổng giá 11,5 tỷ, toà F5, Sun Feliza Cầu Giấy",11500.0,81.0,141.97530864197532,P. Dịch Vọng Hậu (P. Cầu Giấy mới),Đăng 2 ngày trước,,https://batdongsan.com.vn/ban-can-ho-chung-cu-duong-xuan-thuy-phuong-dich-vong-hau-sun-feliza-suites/2pn-tang-cao-dien-tich-71-1m2-view-nga-tu-pham-hunh-bo-cong-an-gia-10-8-ty-pr44653558
Cầu Giấy,"Hạ Giá Bán Quỹ Căn 2,3,4PN tại MIPEC giá tốt nhất,Hỗ trợ vay ngân hàng từ 70%,sẵn sổ giao dịch .",,108.0,,P. Dịch Vọng Hậu (P. Cầu Giấy mới),Đăng 3 ngày trước,,https://batdongsan.com.vn/ban-can-ho-chung-cu-duong-xuan-thuy-phuong-dich-vong-hau-mipec-rubik-360/ha-gia-ban-quy-2-3-4pn-tai-gia-tot-nhat-tro-vay-ngan-hang-tu-70-san-so-giao-dich-pr45277523
Cầu Giấy,Tổng hợp quỹ căn bán mới nhất tại D'Capitale 2026. Giá tốt nhất - VP tại dự án,3900.0,35.0,111.42857142857143,P. Trung Hòa (P. Yên Hòa mới),Đăng 3 ngày trước,,https://batdongsan.com.vn/ban-can-ho-chung-cu-duong-tran-duy-hung-phuong-trung-hoa-4-vinhomes-d-capitale/tong-hop-quy-ban-moi-nhat-tai-dcapitale-cuoi-thang-12-2025-gia-tot-nhat-pr44843202
Cầu Giấy,"Chung cư Dương Đình Nghệ, Yên Hoà, 100m2, 3 phòng ngủ, 2wc, 8.95 tỷ",8950.0,100.0,89.5,P. Yên Hòa (P. Cầu Giấy mới),Đăng 3 ngày trước,,https://batdongsan.com.vn/ban-can-ho-chung-cu-duong-duong-dinh-nghe-phuong-yen-hoa-2-7/inh-100m2-3-phong-ngu-2wc-8-95-ty-pr45269081
Cầu Giấy,Chủ nhà thiện chí bán CH 4PN 173m2 chung cư Thăng Long Number One slot,,173.0,,P. Trung Hòa (P. Yên Hòa mới),Đăng 3 ngày trước,,https://batdongsan.com.vn/ban-can-ho-chung-cu-phuong-trung-hoa-4-thang-long-number-one/chu-nha-thien-chi-ban-ch-4pn-162m2-va-173m2-slot-gia-tu-60tr-m2-pr40734400
Cầu Giấy,"Cập nhật quỹ căn tốt nhất 2, 3 ngủ Mipec, giá chỉ 8,999 tỷ căn 2 ngủ. LH:0343 202 ***",9000.0,70.0,128.57142857142858,P. Dịch Vọng Hậu (P. Cầu Giấy mới),Đăng 4 ngày trước,,https://batdongsan.com.vn/ban-can-ho-chung-cu-duong-xuan-thuy-phuong-dich-vong-hau-mipec-rubik-360/cap-nhat-quy-tot-nhat-2-3-ngu-gia-chi-8-9-ty-2-ngu-lh-0343-202-831-pr45260939
Cầu Giấy,"Chính chủ bán 2PN, 70m2, full NT đẹp, tầng trung, chỉ 7,3 tỷ. LH:0343 202 ***",7300.0,68.0,107.3529411764706,P. Yên Hòa (P. Cầu Giấy mới),Đăng 4 ngày trước,,https://batdongsan.com.vn/ban-can-ho-chung-cu-pho-trung-kinh-phuong-yen-hoa-2-central-field-trung-kinh/chinh-chu-ban-2pn-70m2-full-nt-dep-tang-chi-7-2-ty-lh-0343-202-831-pr43944467
Cầu Giấy,"Quỹ căn 1 - 2 - 3 ngủ giá tốt nhất tại Vinhomes D'capitale, cập nhật từng ngày",,113.0,,P. Trung Hòa (P. Yên Hòa mới),Đăng 4 ngày trước,,https://batdongsan.com.vn/ban-can-ho-chung-cu-duong-tran-duy-hung-phuong-trung-hoa-4-vinhomes-d-capitale/quy-1-2-3-ngu-gia-tot-nhat-tai-cap-nhat-tung-ngay-pr45153901
Hoàng Mai,"SALE LỚN NHẤT NĂM TẶNG XE Ô TÔ CHÍNH SÁCH BÁN HÀNG HẤP DẪN
ÁP DỤNG ĐẾN 25/3/2026, CHƯ",3350.0,67.0,50.0,·P. Hoàng Liệt,Đăng 2 ngày trước,,https://batdongsan.com.vn/ban-can-ho-chung-cu-duong-linh-duong-phuong-hoang-liet-hh4-linh-dam/sale-lon-nhat-nam-tang-xe-o-to-chinh-sach-ban-hang-hap-dan-ap-dung-en-25-3-2026-chu-pr45278200
Hoàng Mai,"Bán căn 07 chung cư X2 Đại Kim sẵn sổ đỏ, đầy đủ nội thất về ở ngay",6740.0,86.4,78.00925925925925,·P. Đại Kim (P. Hoàng Liệt mới),Đăng 4 ngày trước,,https://batdongsan.com.vn/ban-can-ho-chung-cu-duong-tran-hoa-phuong-dai-kim-chung-cu-x2-dai-kim/ban-07-ai-san-so-o-ay-u-noi-that-ve-o-ngay-pr45262422
Hoàng Mai,Bán siêu phẩm căn 1 phòng ngủ view hồ. Ngoài ra em còn quỹ căn 100 căn hộ bán,4500.0,50.0,90.0,P. Hoàng Văn Thụ (P. Tương Mai mới),Đăng hôm qua,,https://batdongsan.com.vn/ban-can-ho-chung-cu-phuong-hoang-van-thu-4-feliz-homes/ban-3-phong-ngu-san-vuon-homes-pr43600574
Hoàng Mai,"Nhượng lại căn hộ 3PN 99.5m2 The Zen Gamuda, nội thất hoàn thiện giá mềm nhất khu,0982 486 ***",10200.0,99.5,102.51256281407035,P. Trần Phú (P. Lĩnh Nam mới),Đăng hôm nay,,https://batdongsan.com.vn/ban-can-ho-chung-cu-phuong-tran-phu-7-the-zen-residence/nhuong-lai-2pn-75-5m2-gamuda-noi-that-co-ban-gia-mem-nhat-khu-pr43458691
Hoàng Mai,"Bán căn hộ The Two Gamuda 2 phòng ngủ 79m2, view nội khu0904 744 ***",6800.0,79.0,86.07594936708861,P. Trần Phú (P. Hoàng Mai mới),Đăng hôm nay,,https://batdongsan.com.vn/ban-can-ho-chung-cu-phuong-tran-phu-7-the-two-residence-gamuda-garden/ban-2-phong-ngu-79m2-view-noi-khu-pr44639580
Hoàng Mai,"Bán căn 3PN The Two Gamuda, 93.7m2 view nội khu siêu đẹp nhà hoàn thiện,0982 486 ***",8400.0,93.7,89.64781216648879,P. Trần Phú (P. Lĩnh Nam mới),Đăng hôm nay,,https://batdongsan.com.vn/ban-can-ho-chung-cu-phuong-tran-phu-7-the-two-residence-gamuda-garden/ban-3pn-93-7m2-view-noi-khu-sieu-ep-nha-hoan-thien-098-248-6603-pr45176024
Hoàng Mai,"Bán căn hộ 2 phòng ngủ The Two Gamuda 78.5m2 đầy đủ nội thất siêu đẹp view nội khu,0982 486 ***",7480.0,78.5,95.28662420382166,P. Trần Phú (P. Lĩnh Nam mới),Đăng hôm nay,,https://batdongsan.com.vn/ban-can-ho-chung-cu-phuong-tran-phu-7-the-two-residence-gamuda-garden/ban-2-phong-ngu-78-5m2-ay-u-noi-that-sieu-ep-0982-486-pr45179649
Hoàng Mai,"Em Giang PKD chủ đầu tư căn ngoại giao giá tốt nhất thị trường, hỗ trợ vay ưu đãi ngân hàng",6500.0,95.0,68.42105263157895,P. Đại Kim (P. Hoàng Liệt mới),Đăng hôm nay,,https://batdongsan.com.vn/ban-can-ho-chung-cu-duong-tran-hoa-phuong-dai-kim-chung-cu-x2-dai-kim/em-giang-pkd-chu-dau-tu-quy-ngoai-giao-gia-tot-nhat-thi-truong-tro-vay-uu-ngan-hang-pr44752723
Hoàng Mai,"Em Giang PKD chủ đầu tư căn 3PN giá tốt nhất còn sót lại, hỗ trợ vay ngân hàng lãi suất ưu đãi",6500.0,88.0,73.86363636363636,P. Hoàng Liệt,Đăng hôm nay,,https://batdongsan.com.vn/ban-can-ho-chung-cu-duong-ngoc-hoi-phuong-hoang-liet-rose-town-79-ngoc-hoi/em-giang-pkd-chu-dau-tu-3pn-gia-tot-nhat-con-sot-lai-tro-vay-ngan-hang-lai-suat-uu-dai-pr44757064
Hoàng Mai,"Căn hộ 2PN 1WC 61,5m2 ban công ĐN, thoáng mát, đầy đủ đồ, vị trí siêu đắc địa, giá hợp lý 4,6 tỷ",4600.0,61.5,74.79674796747967,P. Đại Kim (P. Hoàng Liệt mới),Đăng hôm qua,,https://batdongsan.com.vn/ban-can-ho-chung-cu-phuong-dai-kim-khu-do-thi-moi-dai-kim-dinh-cong/2pn-1wc-61-5m2-ban-n-thoang-mat-ay-u-o-vi-tri-sieu-ac-ia-gia-hop-ly-4-6-ty-pr45196461
Hoàng Mai,"Em Giang PKD Chủ đầu tư căn hộ 2PN giá tốt nhất dự án, hỗ trợ vay ngân hàng lãi suất ưu đãi",5000.0,79.0,63.29113924050633,P. Hoàng Liệt,Đăng hôm qua,,https://batdongsan.com.vn/ban-can-ho-chung-cu-duong-ngoc-hoi-phuong-hoang-liet-rose-town-79-ngoc-hoi/em-giang-pkd-chu-dau-tu-2pn-gia-tot-nhat-du-an-tro-vay-ngan-hang-lai-suat-uu-dai-pr44120060
Hoàng Mai,"Siêu phẩm căn hộ T&T Riverview Vĩnh Hưng - cạnh Time City 91m2. 3 ngủ, 2 WC - view Sông Hồng",6980.0,91.0,76.7032967032967,P. Vĩnh Hưng,Đăng hôm qua,,https://batdongsan.com.vn/ban-can-ho-chung-cu-duong-vinh-hung-phuong-vinh-hung-2-t-t-riverview/sieu-pham-t-river-view-canh-time-city-91m-3-ngu-2-wc-view-song-hong-pr45150561
Hoàng Mai,"Bán căn hộ tòa CT2A 67,9m² 2PN 2WC",5650.0,67.9,83.21060382916052,P. Yên Sở (P. Lĩnh Nam mới),Đăng 2 ngày trước,,https://batdongsan.com.vn/ban-can-ho-chung-cu-duong-tam-trinh-phuong-yen-so-gelexia-riverside/ban-toa-ct2a-67-9m-2pn-2wc-pr45241447
Hoàng Mai,"Chính chủ bán Chung cư Thông tấn xã, view đẹp, 3 phòng ngủ, 109.9m2. Giá 9,6 tỷ có thương lượng.",9600.0,109.9,87.35213830755231,P. Đại Kim (P. Hoàng Liệt mới),Đăng 2 ngày trước,,https://batdongsan.com.vn/ban-can-ho-chung-cu-duong-nguyen-xien-phuong-dai-kim-chung-cu-thong-tan-xa-viet-nam/chinh-chu-ban-goc-view-ep-3-phong-ngu-103-8m2-pr45240490
Hoàng Mai,"BÁN CĂN 3PN, 4PN TOÀ X2 ĐẠI KIM - BẮC LINH ĐÀM. ĐÃ CÓ SỔ. MỖI NHÀ 1 SLOT Ô TÔ.",,86.0,,P. Đại Kim (P. Hoàng Liệt mới),Đăng 3 ngày trước,,https://batdongsan.com.vn/ban-can-ho-chung-cu-duong-tran-hoa-phuong-dai-kim-chung-cu-x2-dai-kim/ban-3pn-4pn-toa-ai-bac-linh-am-a-co-so-moi-nha-1-slot-o-to-pr45269914
Hoàng Mai,"Quỹ độc quyền 1PN-2PN-duplex Rivea Residences đủ tầng hướng đẹp, chiết khấu đặc biệt 22,8% + lì xì",,45.0,,P. Thanh Trì (P. Lĩnh Nam mới),Đăng 4 ngày trước,,https://batdongsan.com.vn/ban-can-ho-chung-cu-duong-vinh-hung-phuong-thanh-tri-rivea-residences/quy-doc-quyen-1pn-2pn-duplex-du-tang-huong-dep-chiet-khau-dac-biet-22-8-li-xi-pr45039447
Hoàng Mai,"BÁN CĂN TẦNG TRUNG ĐẸP,SUẤT CBNV-NGOẠI GIAO 1PN+/2PN/3PN/DUPLEX VIEW ĐẸP,CK 22% + 600Tr,LH NGAY CĐT",,70.0,,P. Thanh Trì (P. Lĩnh Nam mới),Đăng 4 ngày trước,,https://batdongsan.com.vn/ban-can-ho-chung-cu-duong-vinh-hung-phuong-thanh-tri-rivea-residences/ban-tang-trung-ep-suat-cbnv-ngoai-giao-1pn-2pn-3pn-duplex-view-ep-ck-22-600tr-lh-ngay-c-t-pr45189123
Hoàng Mai,Sẵn sổ đỏ - Bán căn 09 chung cư X2 Đại Kim tầng 1x sổ đỏ 95m2,7100.0,95.0,74.73684210526316,P. Đại Kim (P. Hoàng Liệt mới),Đăng 4 ngày trước,,https://batdongsan.com.vn/ban-can-ho-chung-cu-duong-tran-hoa-phuong-dai-kim-chung-cu-x2-dai-kim/san-so-o-ban-09-ai-tang-1x-so-o-95m2-pr45262365
Hoàng Mai,"Bán gấp CC X2 Đại Kim, 54 triệu/m2, 123m2, 4PN, 2WC, nhỉnh 6 tỷ Trần Hòa, Hoàng Mai, Hà Nội",6640.0,123.0,53.983739837398375,P. Đại Kim (P. Hoàng Liệt mới),Đăng 4 ngày trước,Có,https://batdongsan.com.vn/ban-can-ho-chung-cu-duong-tran-hoa-phuong-dai-kim-chung-cu-x2-dai-kim/ban-gap-cc-54-trieu-m2-123m2-4pn-2wc-hoang-mai-ha-noi-pr44892199
Hoàng Mai,Tư vấn chuyên sâu DA melody linh đàm - Quỹ căn chủ đầu tư & chuyển nhượng có 1 0 2 - giá bán bao rẻ,4850.0,75.0,64.66666666666667,P. Hoàng Liệt,Đăng 1 tuần trước,,https://batdongsan.com.vn/ban-can-ho-chung-cu-duong-bang-liet-phuong-hoang-liet-ha-noi-melody-residences/tu-van-chuyen-sau-du-an-linh-dam-quy-chuyen-nhuong-co-1-0-2-gia-ban-bao-re-thi-truong-pr43501184
Hoàng Mai,"Bán căn hộ 2N nhỏ, Full nội thất đẹp, tòa Bắc Rice City",4670.0,53.5,87.28971962616822,P. Hoàng Liệt,Đăng 1 tuần trước,,https://batdongsan.com.vn/ban-can-ho-chung-cu-phuong-hoang-liet-rice-city-linh-dam/ban-2n-nho-full-noi-that-ep-toa-bac-city-pr45222197
Hoàng Mai,"Gia đình tôi cần bán căn hộ A5 Đại Kim 122.2m², 3 phòng ngủ, ban công thoáng mát",7700.0,122.2,63.0114566284779,P. Đại Kim (P. Hoàng Liệt mới),Đăng 2 tuần trước,,https://batdongsan.com.vn/ban-can-ho-chung-cu-phuong-dai-kim-khu-do-thi-moi-dai-kim-dinh-cong/gia-toi-ban-a5-122-2m-3-phong-ngu-ban-thoang-mat-pr45114963
Hoàng Mai,"(Cực tốt) Quỹ căn bán 2N/3N, DT 52m/105m, sổ hồng, giá từ 4.65 tỷ, tại Rose Town.",5450.0,71.0,76.7605633802817,P. Hoàng Liệt,Đăng hôm qua,,https://batdongsan.com.vn/ban-can-ho-chung-cu-duong-ngoc-hoi-phuong-hoang-liet-rose-town-79-ngoc-hoi/cuc-tot-quy-ban-2n-3n-dt-52m-105m-so-hong-gia-tu-4-65-ty-tai-town-pr45293716
Hoàng Mai,Bán căn hộ view sông Hồng chung cư T&T Riverview 90m gồm 3 ngủ 2 vệ sinh,7100.0,90.4,78.53982300884955,P. Vĩnh Hưng,Đăng hôm qua,,https://batdongsan.com.vn/ban-can-ho-chung-cu-duong-vinh-hung-phuong-vinh-hung-2-t-t-riverview/view-song-hong-t-riverview-pr44815766
Hoàng Mai,"Gia đình bán căn hộ DT 86m², FULL đồ thiết kế 3PN, 2WC Chung Cư Bea Sky, Đ.Phạm Tu, P. Định Công.",,86.0,,P. Định Công,Đăng hôm qua,,https://batdongsan.com.vn/ban-can-ho-chung-cu-duong-pham-tu-phuong-dinh-cong-bea-sky/gia-ban-gap-3pn-2wc-tang-trung-dep-nhat-beasky-lien-he-pr42982440
Hoàng Mai,"Chính chủ cần bán căn hộ 03-08 tòa Ct1-Ct2 chung cư X2 Đại Kim Dt 107m, 3 ngủ căn góc view thoáng",,107.0,,P. Đại Kim (P. Hoàng Liệt mới),Đăng hôm qua,,https://batdongsan.com.vn/ban-can-ho-chung-cu-duong-tran-hoa-phuong-dai-kim-chung-cu-x2-dai-kim/chinh-chu-ban-03-08-toa-ct1-ct2-ai-dt-107m-3-ngu-goc-view-thoang-pr45290737
Hoàng Mai,"Chính chủ bán căn A06 3N, 2VS full nội thất. Xem nhà lúc nào cũng được. Gía 7 tỷ 4. LH0986 749 ***",,79.0,,P. Đại Kim (P. Định Công mới),Đăng hôm qua,,https://batdongsan.com.vn/ban-can-ho-chung-cu-duong-nguyen-xien-phuong-dai-kim-bea-sky/chinh-chu-ban-a2204-xien-pr31597696
Hoàng Mai,E Hiếu cư dân bán Feliz Homes: 1 ngủ: 4 tỷ và 2 ngủ: 6 tỷ và 3 ngủ: 7 tỷ - SĐT:0981 757 ***,6000.0,78.0,76.92307692307692,P. Hoàng Văn Thụ (P. Tương Mai mới),Đăng hôm qua,,https://batdongsan.com.vn/ban-can-ho-chung-cu-duong-hoang-mai-phuong-hoang-van-thu-4-feliz-homes/ban-gia-re-nhat-2-ngu-4-6-ty-va-3-ngu-6-ty-pr41456316
Hoàng Mai,"Bảng giá Feliz Homes chuyển nhượng, giá tốt tháng 03/2026 căn 2PN chỉ từ 5.X tỷ, căn 3PN từ 7.X tỷ",6050.0,70.0,86.42857142857143,P. Hoàng Văn Thụ (P. Tương Mai mới),Đăng hôm qua,,https://batdongsan.com.vn/ban-can-ho-chung-cu-phuong-hoang-van-thu-4-feliz-homes/bang-gia-chuyen-nhuong-gia-tot-thang-7-2025-2pn-chi-tu-4-x-ty-3pn-tu-6-x-ty-pr43542822
Hoàng Mai,"(Giá tốt nhất) Update mới liên tục quỹ căn 2-3PN, DT 53m2 - 112m2, giá từ 5 tỷ, pháp lý SĐCC",5500.0,70.0,78.57142857142857,P. Đại Kim (P. Hoàng Liệt mới),Đăng 2 ngày trước,,https://batdongsan.com.vn/ban-can-ho-chung-cu-duong-dai-tu-phuong-dai-kim-eco-lake-view/gia-tot-nhat-update-moi-lien-tuc-quy-2-3pn-dt-53m2-112m2-gia-5-ty-phap-ly-s-cc-pr45286987
Hoài Đức,"BOOKING NHẬN ƯU ĐÃI LỚN IMPERIA SKY PARK CẠNH VINHOMES SMART CITY, ĐỦ QUỸ CĂN STUDIO - SKY VILLAS",,52.5,,·X. An Khánh,Đăng hôm qua,,https://batdongsan.com.vn/ban-can-ho-chung-cu-duong-dai-lo-thang-long-xa-an-khanh-4-imperia-sky-park/booking-nhan-uu-ai-lon-canh-vinhomes-smart-city-u-quy-studio-villas-pr45156054
Hoài Đức,"Độc quyền bán Căn hộ cao cấp 2PN, 60m2 tầng trung, BC Đông Nam view công viên nội khu Imperia MIK",,60.0,,·X. An Khánh,Đăng hôm qua,,https://batdongsan.com.vn/ban-can-ho-chung-cu-duong-dai-lo-thang-long-xa-an-khanh-4-imperia-sky-park/ban-cc-2pn-60m2-tang-trung-gia-uu-ai-ha-noi-pr45277657
Hoài Đức,IMPERIA SKY PARK NAM AN KHÁNH  NHẬN BOOKING SỚM | CĂN HỘ CAO CẤP SỞ HỮU LÂU DÀI,5020.0,54.0,92.96296296296296,·X. An Khánh,Đăng hôm qua,,https://batdongsan.com.vn/ban-can-ho-chung-cu-duong-dai-lo-thang-long-xa-an-khanh-4-imperia-sky-park/nam-nhan-booking-som-cao-cap-so-huu-lau-dai-pr45290879
Hoài Đức,Bán gấp căn 2 ngủ 83m2 - đã có sổ đỏ - view đẹp và thoáng - xem nhà 24/24,6300.0,83.0,75.90361445783132,X. Di Trạch (X. Hoài Đức mới),Đăng hôm qua,Có,https://batdongsan.com.vn/ban-can-ho-chung-cu-duong-32-xa-di-trach-chung-cu-the-wisteria/ban-gap-2-ngu-83m2-a-co-so-o-view-ep-va-thoang-xem-nha-24-24-pr45271737
Hoài Đức,Bán căn hộ 139m2 chung cư Wisteria - ban công Đông Nam - có hỗ trợ bank 70%,9100.0,139.0,65.46762589928058,X. Di Trạch (X. Hoài Đức mới),Đăng hôm qua,,https://batdongsan.com.vn/ban-can-ho-chung-cu-duong-32-xa-di-trach-chung-cu-the-wisteria/ban-138m2-ban-cong-ong-nam-co-tro-bank-70-pr45271497
Hoài Đức,"Bán nhanh căn hộ 2PN2VS toà Gemek 2 An Khánh view Vinsmart 66m2 chỉ 4,4 tỷ",4400.0,66.0,66.66666666666667,X. An Khánh,Đăng 2 ngày trước,,https://batdongsan.com.vn/ban-can-ho-chung-cu-duong-le-trong-tan-xa-an-khanh-4-gemek-premium/chinh-chu-ban-2pn2vs-toa-2-view-vinsmart-66m-chi-4-4-ty-pr45251955
Hoài Đức,Căn góc 3 ngủ - diện tích 114m2 - view đẹp hướng mát - có sổ đỏ,7600.0,114.0,66.66666666666667,X. Di Trạch (X. Hoài Đức mới),Đăng 6 ngày trước,,https://batdongsan.com.vn/ban-can-ho-chung-cu-duong-32-xa-di-trach-chung-cu-the-wisteria/goc-3-ngu-dien-tich-114m2-view-ep-huong-mat-co-so-o-pr45189866
Hoài Đức,"MỞ BÁN CHUNG CƯ IMPERIA SKY PARK 1-2-3PN GẦN VINHOMES SMART CITY TÂY MỖ, CÁCH SVĐ MỸ ĐÌNH CHỈ 8PH",,42.0,,·X. An Khánh,Đăng hôm qua,,https://batdongsan.com.vn/ban-can-ho-chung-cu-duong-dai-lo-thang-long-xa-an-khanh-4-imperia-sky-park/mo-ban-1-2-3pn-ngay-canh-vinhomes-smart-city-tay-mo-cach-sv-my-inh-chi-7-phut-pr45253829
Hoài Đức,Quỹ căn studio- 1PN-2PN-3PN tòa Sky1 và Sky2 không chênh kí trực tiếp chủ đầu tư MIK Group,4080.0,43.0,94.88372093023256,·X. An Khánh,Đăng hôm qua,,https://batdongsan.com.vn/ban-can-ho-chung-cu-duong-dai-lo-thang-long-xa-an-khanh-4-imperia-sky-park/quy-studio-1pn-2pn-3pn-toa-sky1-va-sky2-khong-chenh-ki-truc-tiep-chu-au-tu-mik-group-pr45179876
Hoài Đức,Chỉ từ 419tr sở hữu căn hộ MIK An Khánh cạnh Vinhomes Smart City. Liên hệ0888 999 ***,,28.0,,·X. An Khánh,Đăng 2 ngày trước,,https://batdongsan.com.vn/ban-can-ho-chung-cu-duong-dai-lo-thang-long-xa-an-khanh-4-imperia-sky-park/chi-tu-419tr-so-huu-mik-canh-vinhomes-smart-city-lien-he-0888999819-pr45254080
Hoài Đức,Anh Chị Quan Tâm dự án MIK An Khánh tuyệt đối đừng bỏ qua bài phân tích này,6260.0,68.0,92.05882352941177,·X. An Khánh,Đăng 2 ngày trước,,https://batdongsan.com.vn/ban-can-ho-chung-cu-duong-dai-lo-thang-long-xa-an-khanh-4-imperia-sky-park/anh-chi-quan-tam-du-mik-tuyet-oi-ung-bo-qua-bai-phan-tich-nay-pr45271137
Hoài Đức,Chỉ từ hơn 400 triệu sở hữu căn hộ Imperia Sky Park - MIK An Khánh. Kí trực tiếp với CĐT MIK Group,,43.0,,·X. An Khánh,Đăng 2 ngày trước,,https://batdongsan.com.vn/ban-can-ho-chung-cu-duong-dai-lo-thang-long-xa-an-khanh-4-imperia-sky-park/chi-tu-hon-400trieu-so-huu-mik-ki-truc-tiep-voi-c-t-mik-group-pr45255208
Hoài Đức,Booking nhận ưu đãi quỹ căn studio-1PN-2PN-3PN tòa Sky1 và Sky2 kí trực tiếp Chủ đầu tư MIK GROUP,,55.0,,·X. An Khánh,Đăng 4 ngày trước,,https://batdongsan.com.vn/ban-can-ho-chung-cu-duong-dai-lo-thang-long-xa-an-khanh-4-imperia-sky-park/booking-nhan-uu-ai-quy-studio-1pn-2pn-3pn-toa-sky1-va-sky2-ki-truc-tiep-chu-au-tu-mik-group-pr45218771
Hoài Đức,"Sở hữu chung cư Flame Vine khu đô thị Hinode Royal Park 2PN, 2WC chỉ từ 5.2 tỷ. Liên hệ0985 106 ***",,73.0,,·X. Di Trạch (X. Hoài Đức mới),Đăng 1 tuần trước,,https://batdongsan.com.vn/ban-can-ho-chung-cu-duong-quoc-lo-32-xa-di-trach-hinode-royal-park/so-huu-flame-vine-khu-o-thi-2pn-2wc-chi-tu-5-2-ty-lien-he-0985106176-pr45241847
Hoài Đức,Booking quỹ ngoại giao căn hộ cao cấp The Flame Vine HH03 Hinode Royal Park,,75.0,,·X. Di Trạch (X. Hoài Đức mới),Đăng 1 tuần trước,,https://batdongsan.com.vn/ban-can-ho-chung-cu-duong-vanh-dai-3-5-xa-di-trach-the-flame-vine/quy-ngoai-giao-cao-cap-hh03-hinode-royal-park-pr45239972
Hoài Đức,"Quỹ căn STUDIO, 1PN, 2PN+ độc quyền tại toà Imperia Sky Park Early Bird 15% tặng FULL đồ liền tường",,69.0,,·X. An Khánh,Đăng 1 tuần trước,,https://batdongsan.com.vn/ban-can-ho-chung-cu-duong-dai-lo-thang-long-xa-an-khanh-4-imperia-sky-park/quy-studio-1pn-2pn-oc-quyen-tai-toa-early-bird-15-tang-full-o-lien-tuong-pr45227678
Hoài Đức,RA MẮT CHUNG CƯ IMPERIA SKY PARK NAM AN KHÁNH,,28.0,,·X. An Khánh,Đăng 1 tuần trước,,https://batdongsan.com.vn/ban-can-ho-chung-cu-duong-dai-lo-thang-long-xa-an-khanh-4-imperia-sky-park/ra-mat-nam-khanh-pr45232497
Hoài Đức,CHỈ 95TR/M2 CƠ HỘI CUỐI CÙNG ĐỂ MUA IMPERIA SKY PARK dòng căn Studio - 3PN - SKY VILLA METRO SỐ 5,14630.0,154.0,95.0,X. An Khánh,Đăng hôm nay,,https://batdongsan.com.vn/ban-can-ho-chung-cu-duong-dai-lo-thang-long-xa-an-khanh-4-imperia-sky-park/chi-90tr-m2-co-hoi-cuoi-cung-e-mua-dong-studio-3pn-villa-metro-so-5-pr45296635
Hoài Đức,Quỹ căn chuyển nhượng Wisteria: Xuân sang đón lộc - về nhà an cư,6200.0,83.0,74.6987951807229,X. Di Trạch (X. Hoài Đức mới),Đăng hôm qua,,https://batdongsan.com.vn/ban-can-ho-chung-cu-duong-32-xa-di-trach-chung-cu-the-wisteria/quy-chuyen-nhuong-xuan-sang-don-loc-ve-nha-an-cu-pr45050315
Hoài Đức,Danh sách các căn hộ đang có nhu cầu chuyển nhượng giá tốt tại The Wisteria loại 2 & 3 phòng ngủ,6500.0,83.0,78.3132530120482,X. Di Trạch (X. Hoài Đức mới),Đăng hôm qua,,https://batdongsan.com.vn/ban-can-ho-chung-cu-duong-32-xa-di-trach-chung-cu-the-wisteria/danh-sach-cac-dang-co-nhu-cau-chuyen-nhuong-gia-tot-tai-loai-2-3-phong-ngu-pr45059737
Hoài Đức,"Booking đợt đầu căn hộ chung cư The Flame Vine, giá dự kiến 70 triệu/m2, 70 m2, 2PN, 2WC",,70.0,,X. Di Trạch (X. Hoài Đức mới),Đăng hôm qua,,https://batdongsan.com.vn/ban-can-ho-chung-cu-duong-vanh-dai-3-5-xa-di-trach-the-flame-vine/ban-ot-au-70-trieu-m2-70-m2-2pn-2wc-pr45287926
Hoài Đức,Đại lý Seven Realty đã và đang nhận được rất nhiều lượt booking của dự án Imperia Sky Park,6180.0,65.0,95.07692307692308,X. An Khánh,Đăng 2 ngày trước,,https://batdongsan.com.vn/ban-can-ho-chung-cu-duong-dai-lo-thang-long-xa-an-khanh-4-imperia-sky-park/ai-ly-seven-realty-a-va-ang-nhan-uoc-rat-nhieu-luot-booking-cua-du-park-pr45188539
Hoài Đức,CĂN HỘ CHUNG CƯ TẠI HOÀI ĐỨC TÀI CHÍNH CHỈ TỪ 2 TỶ TẠI DỰ ÁN THE FLAME VINE HINODE ROYAL PARK,,73.0,,X. Di Trạch (X. Hoài Đức mới),Đăng 2 ngày trước,,https://batdongsan.com.vn/ban-can-ho-chung-cu-duong-quoc-lo-32-xa-di-trach-hinode-royal-park/tai-hoai-uc-tai-chinh-chi-tu-2-ty-tai-du-an-the-flame-vine-park-pr45240675
Hoài Đức,BOOKING SỚM - ĐÚNG ĐẠI LÝ - CHỌN CĂN ĐẸP - IMPERIA SKY PARK,,55.0,,X. An Khánh,Đăng 3 ngày trước,,https://batdongsan.com.vn/ban-can-ho-chung-cu-duong-dai-lo-thang-long-xa-an-khanh-4-imperia-sky-park/booking-som-ung-ai-ly-chon-ep-park-pr45274547
